{"cameraMode":{"drawMode":0,"name":"Shaded","section":"Shading Mode"},"sceneLighting":false,"audioPlay":false,"sceneViewState":{"m_AlwaysRefresh":false,"showFog":true,"showSkybox":false,"showFlares":true,"showImageEffects":true,"showParticleSystems":true,"showVisualEffectGraphs":true,"m_FxEnabled":true},"in2DMode":false,"pivot":{"x":-27.300701141357423,"y":0.7141001224517822,"z":-2.119736671447754},"rotation":{"x":0.15320681035518647,"y":-0.6093825697898865,"z":0.12150607258081436,"w":0.7683778405189514},"size":1.0456013679504395,"orthographic":false}