{"cameraMode":{"drawMode":0,"name":"Shaded","section":"Shading Mode"},"sceneLighting":true,"audioPlay":false,"sceneViewState":{"m_AlwaysRefresh":false,"showFog":true,"showSkybox":false,"showFlares":true,"showImageEffects":true,"showParticleSystems":true,"showVisualEffectGraphs":true,"m_FxEnabled":true},"in2DMode":false,"pivot":{"x":-0.24332427978515626,"y":2.258258819580078,"z":3.6497955322265627},"rotation":{"x":0.15320681035518647,"y":-0.6093825697898865,"z":0.12150607258081436,"w":0.7683778405189514},"size":42.39930725097656,"orthographic":false}